,z0_spring,z0_summer,z0_autumn,z0_winter,alb_spring,alb_summer,alb_autumn,alb_winter,bo_spring,bo_summer,bo_autumn,bo_winter,Sectors
0,0.36092811,0.282015305,0.150980751,0.150980751,0.141964952,0.18341178,0.173385381,0.173385381,0.357645177,0.499390039,0.73271276,0.73271276,90
1,0.386045915,0.310308602,0.189064223,0.189064223,0.141964952,0.18341178,0.173385381,0.173385381,0.357645177,0.499390039,0.73271276,0.73271276,135
2,0.317722656,0.223110566,0.077783395,0.077783395,0.141964952,0.18341178,0.173385381,0.173385381,0.357645177,0.499390039,0.73271276,0.73271276,180
3,0.327372289,0.259357577,0.130953902,0.130953902,0.141964952,0.18341178,0.173385381,0.173385381,0.357645177,0.499390039,0.73271276,0.73271276,225
4,0.350393747,0.281692462,0.154417811,0.154417811,0.141964952,0.18341178,0.173385381,0.173385381,0.357645177,0.499390039,0.73271276,0.73271276,270
5,0.397775092,0.356992055,0.249203158,0.249203158,0.141964952,0.18341178,0.173385381,0.173385381,0.357645177,0.499390039,0.73271276,0.73271276,315
6,0.31457084,0.240063696,0.105640682,0.105640682,0.141964952,0.18341178,0.173385381,0.173385381,0.357645177,0.499390039,0.73271276,0.73271276,45
7,0.618494489,0.563731646,0.468964685,0.468964685,0.141964952,0.18341178,0.173385381,0.173385381,0.357645177,0.499390039,0.73271276,0.73271276,0
